title,released,distributor,genre,rating,gross,tickets,imdb_id
Guardians of the Galaxy,2014-08-01,Walt Disney,Adventure,PG-13,333055258,40765637,tt2015381
The Hunger Games: Mockingjay - Part 1,2014-11-21,Lionsgate,Thriller/Suspense,PG-13,323734502,39624786,tt1951265
Captain America: The Winter Soldier,2014-04-04,Walt Disney,Action,PG-13,259746958,31792773,tt1843866
The Lego Movie,2014-02-07,Warner Bros.,Adventure,PG,257784718,31552597,tt1490017
Transformers: Age of Extinction,2014-06-27,Paramount Pictures,Action,PG-13,245439076,30041502,tt2109248
Maleficent,2014-05-30,Walt Disney,Adventure,PG,241407328,29548020,tt1587310
X-Men: Days of Future Past,2014-05-23,20th Century Fox,Action,PG-13,233921534,28631766,tt1877832
The Hobbit: The Battle of the Five Armies,2014-12-17,Warner Bros.,Adventure,PG-13,220602017,27001470,tt2310332
Big Hero 6,2014-11-07,Walt Disney,Adventure,PG,211207036,25851534,tt2245084
Dawn of the Planet of the Apes,2014-07-11,20th Century Fox,Adventure,PG-13,208545589,25525775,tt2103281
The Amazing Spider-Man 2,2014-05-02,Sony Pictures,Action,PG-13,202853933,24829122,tt1872181
Godzilla,2014-05-16,Warner Bros.,Action,PG-13,200672193,24562079,tt1628040
22 Jump Street,2014-06-13,Sony Pictures,Comedy,R,191719337,23466259,tt2294449
Teenage Mutant Ninja Turtles,2014-08-08,Paramount Pictures,Adventure,PG-13,191204754,23403274,tt1291150
Interstellar,2014-11-07,Paramount Pictures,Adventure,PG-13,182802094,22374797,tt0816692
How to Train Your Dragon 2,2014-06-13,20th Century Fox,Adventure,PG,177002924,21664984,tt1646971
Gone Girl,2014-10-03,20th Century Fox,Thriller/Suspense,R,166726809,20407198,tt2267998
Divergent,2014-03-21,Lionsgate,Adventure,PG-13,150947895,18475874,tt1840309
Neighbors,2014-05-09,Universal,Comedy,R,150086800,18370477,tt2004420
Ride Along,2014-01-17,Universal,Comedy,PG-13,134202565,16426262,tt1408253
Rio 2,2014-04-11,20th Century Fox,Adventure,G,131538435,16100175,tt2357291
Lucy,2014-07-25,Universal,Action,R,126573960,15492528,tt2872732
The Fault in Our Stars,2014-06-06,20th Century Fox,Drama,PG-13,124872350,15284253,tt2582846
Lone Survivor,2014-01-10,Universal,Action,R,124768916,15271593,tt1091191
Mr. Peabody & Sherman,2014-03-07,20th Century Fox,Adventure,PG,111506430,13648277,tt0864835
300: Rise of an Empire,2014-03-07,Warner Bros.,Action,R,106580051,13045293,tt1253863
Frozen,2013-11-22,Walt Disney,Adventure,PG,104046280,12735162,tt2294629
The Maze Runner,2014-09-19,20th Century Fox,Thriller/Suspense,PG-13,102242014,12514322,tt1790864
The Equalizer,2014-09-26,Sony Pictures,Action,R,101436176,12415688,tt0455944
Noah,2014-03-28,Paramount Pictures,Drama,PG-13,101200044,12386786,tt1959490
Edge of Tomorrow,2014-06-06,Warner Bros.,Action,PG-13,100206256,12265147,tt1631867
Non-Stop,2014-02-28,Universal,Action,PG-13,91742160,11229150,tt2024469
Heaven is for Real,2014-04-16,Sony Pictures,Drama,PG,91386097,11185568,tt1929263
Into the Woods,2014-12-25,Walt Disney,Musical,PG,90871655,11122601,tt2180411
Night at the Museum: Secret of the Tomb,2014-12-19,20th Century Fox,Adventure,PG,89847179,10997206,tt2692250
Unbroken,2014-12-25,Universal,Drama,PG-13,87651495,10728457,tt1809398
Fury,2014-10-17,Sony Pictures,Drama,R,85509098,10466229,tt2713180
Dumb and Dumber To,2014-11-14,Universal,Comedy,PG-13,85392580,10451968,tt2096672
Tammy,2014-07-02,Warner Bros.,Comedy,R,84525432,10345830,tt2103254
Annabelle,2014-10-03,Warner Bros.,Horror,R,84273813,10315032,tt3322940
The Other Woman,2014-04-25,20th Century Fox,Comedy,PG-13,83911193,10270647,tt2203939
Let's Be Cops,2014-08-13,20th Century Fox,Comedy,R,82390774,10084550,tt1924435
Penguins of Madagascar,2014-11-26,20th Century Fox,Comedy,PG,78116780,9561417,tt1911658
The Monuments Men,2014-02-07,Sony Pictures,Drama,PG-13,78031620,9550993,tt2177771
Hercules,2014-07-25,Paramount Pictures,Action,PG-13,72688614,8897015,tt0119282
Annie,2014-12-19,Sony Pictures,Musical,PG,72460370,8869078,tt0083564
The Purge: Anarchy,2014-07-18,Universal,Thriller/Suspense,R,71562550,8759186,tt2975578
"Alexander and the Terrible, Horrible, No Good, Very Bad Day",2014-10-10,Walt Disney,Comedy,PG,66032663,8082333,tt1698641
Think Like a Man Too,2014-06-20,Sony Pictures,Romantic Comedy,PG-13,65028687,7959447,tt2239832
The Nut Job,2014-01-17,Open Road,Adventure,PG,64251538,7864325,tt1821658
American Hustle,2013-12-13,Sony Pictures,Black Comedy,R,62194684,7612568,tt1800241
Exodus: Gods and Kings,2014-12-12,20th Century Fox,Drama,PG-13,61342935,7508315,tt1528100
God's Not Dead,2014-03-21,Pure Flix Entertainment,Drama,PG,60755732,7436442,tt2528814
Son of God,2014-02-28,20th Century Fox,Drama,PG-13,59700064,7307229,tt3210686
Planes: Fire and Rescue,2014-07-18,Walt Disney,Adventure,PG,59157732,7240848,
The Grand Budapest Hotel,2014-03-07,Fox Searchlight,Comedy,R,59076019,7230846,tt2278388
RoboCop,2014-02-12,Sony Pictures,Action,PG-13,58607007,7173440,tt1234721
Dracula Untold,2014-10-10,Universal,Action,PG-13,55991880,6853351,tt0829150
The Hundred-Foot Journey,2014-08-08,Walt Disney,Romantic Comedy,PG,54235441,6638364,tt2980648
The Wolf of Wall Street,2013-12-25,Paramount Pictures,Black Comedy,R,53775227,6582035,tt0993846
Horrible Bosses 2,2014-11-26,Warner Bros.,Comedy,R,53063469,6494916,tt2170439
No Good Deed,2014-09-12,Sony Pictures,Thriller/Suspense,PG-13,52543632,6431289,tt2011159
Muppets Most Wanted,2014-03-21,Walt Disney,Comedy,PG,51178893,6264246,tt2281587
Ouija,2014-10-24,Universal,Horror,PG-13,50856010,6224725,tt1204977
The Boxtrolls,2014-09-26,Focus Features,Adventure,PG,50618671,6195675,tt0787474
Jack Ryan: Shadow Recruit,2014-01-17,Paramount Pictures,Action,PG-13,50577412,6190625,tt1205537
If I Stay,2014-08-22,Warner Bros.,Drama,PG-13,50474843,6178071,tt1355630
The Book of Life,2014-10-17,20th Century Fox,Adventure,PG,49564131,6066601,tt2262227
About Last Night,2014-02-14,Sony Pictures,Romantic Comedy,R,48637684,5953204,tt1826590
Into the Storm,2014-08-08,Warner Bros.,Thriller/Suspense,PG-13,47602194,5826461,tt2106361
The Judge,2014-10-10,Warner Bros.,Drama,R,47063106,5760478,tt1872194
Jersey Boys,2014-06-20,Warner Bros.,Drama,R,47047013,5758508,tt1742044
Blended,2014-05-23,Warner Bros.,Romantic Comedy,PG-13,46290741,5665941,tt1086772
The Giver,2014-08-15,Weinstein Co.,Drama,PG-13,45090374,5519017,tt0435651
Need for Speed,2014-03-14,Walt Disney,Action,PG-13,43568507,5332742,tt2369135
St. Vincent,2014-10-10,Weinstein Co.,Comedy,PG-13,43478246,5321694,tt2170593
John Wick,2014-10-24,Lionsgate,Action,R,42925323,5254017,tt2911666
A Million Ways to Die in The West,2014-05-30,Universal,Comedy,R,42720965,5229004,tt2557490
Dolphin Tale 2,2014-09-12,Warner Bros.,Drama,PG,42024533,5143761,tt2978462
The Expendables 3,2014-08-15,Lionsgate,Action,PG-13,39322544,4813040,tt2333784
Earth to Echo,2014-07-02,Relativity,Adventure,PG,38934842,4765586,tt2183034
Sex Tape,2014-07-18,Sony Pictures,Comedy,R,38543473,4717683,tt2140383
August: Osage County,2013-12-25,Weinstein Co.,Black Comedy,R,37257126,4560235,tt1322269
Million Dollar Arm,2014-05-16,Walt Disney,Drama,PG,36447959,4461194,tt1647668
This is Where I Leave You,2014-09-19,Warner Bros.,Comedy,R,34296320,4197835,tt1371150
Nightcrawler,2014-10-31,Open Road,Thriller/Suspense,R,31983186,3914710,tt2872718
Chef,2014-05-09,Open Road,Comedy,R,31424003,3846267,tt2883512
3 Days to Kill,2014-02-21,Relativity,Thriller/Suspense,PG-13,30697999,3757405,tt2172934
Deliver Us from Evil,2014-07-02,Sony Pictures,Horror,R,30577122,3742609,tt2377322
Get on Up,2014-08-01,Universal,Drama,PG-13,30569935,3741730,tt2473602
The Imitation Game,2014-11-28,Weinstein Co.,Drama,PG-13,30472090,3729753,tt2084970
When the Game Stands Tall,2014-08-22,Sony Pictures,Drama,PG,30127963,3687633,tt2247476
The Hobbit: The Desolation of Smaug,2013-12-13,Warner Bros.,Adventure,PG-13,29307213,3587174,tt1170358
Draft Day,2014-04-11,Lionsgate,Drama,PG-13,28842237,3530261,tt2223990
Oculus,2014-04-11,Relativity,Horror,R,27695246,3389870,tt2388715
The Gambler,2014-12-10,Paramount Pictures,Drama,R,27606266,3378979,tt2039393
The Best of Me,2014-10-17,Relativity,Drama,PG-13,26739759,3272920,tt1972779
That Awkward Moment,2014-01-31,FilmDistrict,Romantic Comedy,R,26068955,3190814,tt1800246
A Walk Among the Tombstones,2014-09-19,Universal,Action,R,26017685,3184539,tt0365907
Wild,2014-12-03,Fox Searchlight,Drama,R,25880904,3167797,tt2305051
Birdman or (The Unexpected Virtue of Ignorance),2014-10-17,Fox Searchlight,Black Comedy,R,25424568,3111942,tt2562232
The November Man,2014-08-27,Relativity,Thriller/Suspense,R,25018119,3062193,tt2402157
The Theory of Everything,2014-11-07,Focus Features,Drama,PG-13,24772350,3032111,tt2980516
Saving Mr. Banks,2013-12-20,Walt Disney,Drama,PG-13,24341481,2979373,tt2140373
Boyhood,2014-07-11,IFC Films,Drama,R,24299768,2974267,tt1065073
Top Five,2014-12-12,Paramount Pictures,Comedy,R,23740325,2905792,tt2784678
Endless Love,2014-02-14,Universal,Drama,PG-13,23438250,2868818,tt2318092
Pompeii,2014-02-21,Sony Pictures,Drama,PG-13,23169033,2835866,tt1921064
Transcendence,2014-04-18,Warner Bros.,Thriller/Suspense,PG-13,23022309,2817908,tt2209764
Her,2013-12-18,Warner Bros.,Drama,R,22580510,2763832,tt1798709
Ghostbusters,1984-06-08,Sony Pictures,Comedy,PG,21356969,2614072,tt0087332
"As Above, So Below",2014-08-29,Universal,Thriller/Suspense,R,21222315,2597590,tt2870612
Brick Mansions,2014-04-25,Relativity,Action,PG-13,20396829,2496551,tt1430612
"I, Frankenstein",2014-01-24,Lionsgate,Action,PG-13,19075290,2334796,tt1418377
The Legend of Hercules,2014-01-10,Lionsgate,Adventure,PG-13,18848538,2307042,tt1043726
Anchorman 2: The Legend Continues,2013-12-18,Paramount Pictures,Comedy,PG-13,18639235,2281424,tt1229340
Gravity,2013-10-04,Warner Bros.,Thriller/Suspense,PG-13,18471038,2260836,tt1454468
12 Years a Slave,2013-10-18,Fox Searchlight,Drama,R,18199907,2227650,tt2024544
Philomena,2013-11-22,Weinstein Co.,Drama,PG-13,18123668,2218319,tt2431286
Bears,2014-04-18,Walt Disney,Documentary,G,17780194,2176278,tt2458776
The Hunger Games: Catching Fire,2013-11-22,Lionsgate,Adventure,PG-13,17528348,2145452,tt1951264
Addicted,2014-10-10,Lionsgate,Drama,R,17390770,2128613,tt2205401
A Haunted House 2,2014-04-18,Open Road,Comedy,R,17329487,2121112,tt2828996
A Most Wanted Man,2014-07-25,Roadside Attractions,Thriller/Suspense,R,17237855,2109896,tt1972571
Begin Again,2014-06-27,Weinstein Co.,Drama,R,16170632,1979269,tt1980929
Tyler Perry's The Single Moms Club,2014-03-14,Lionsgate,Comedy,PG-13,15995891,1957881,
Devil's Due,2014-01-17,20th Century Fox,Horror,R,15821461,1936531,tt2752758
And So It Goes,2014-07-25,Clarius Entertainment,Comedy,PG-13,15160801,1855667,tt2465146
The Woman in Black 2: Angel of Death,2015-01-02,Relativity,Horror,PG-13,15027415,1839340,tt2339741
Step Up All In,2014-08-08,Lionsgate,Drama,PG-13,14904384,1824282,tt2626350
Beyond the Lights,2014-11-14,Relativity,Drama,PG-13,14564709,1782706,tt3125324
America: Imagine a World Without Her,2014-06-27,Lionsgate,Documentary,PG-13,14444502,1767992,
Paranormal Activity: The Marked Ones,2014-01-03,Paramount Pictures,Horror,R,14118761,1728122,tt2473682
Left Behind,2014-10-03,Freestyle Releasing,Thriller/Suspense,PG-13,14019924,1716024,tt2467046
Sin City: A Dame to Kill For,2014-08-22,Weinstein Co.,Action,R,13757804,1683941,tt0458481
Labor Day,2014-01-31,Paramount Pictures,Drama,PG-13,13371528,1636661,tt1967545
The Secret Life of Walter Mitty,2013-12-25,20th Century Fox,Comedy,PG,12765884,1562531,tt0359950
Winter's Tale,2014-02-14,Warner Bros.,Drama,PG-13,12600231,1542255,tt1837709
Dallas Buyers Club,2013-11-01,Focus Features,Drama,R,10997442,1346076,tt0790636
Belle,2014-05-02,Fox Searchlight,Drama,PG,10726630,1312929,tt2404181
The Drop,2014-09-12,Fox Searchlight,Drama,R,10724389,1312654,tt1600196
Nebraska,2013-11-15,Paramount Pictures,Drama,R,10651616,1303747,tt1821549
Magic in the Moonlight,2014-07-25,Sony Pictures Classics,Romantic Comedy,PG-13,10534510,1289413,tt2870756
Sabotage,2014-03-28,Open Road,Action,R,10508518,1286232,tt1742334
Moms' Night Out,2014-05-09,Sony Pictures,Comedy,PG,10429707,1276585,tt3014666
Big Eyes,2014-12-25,Weinstein Co.,Drama,PG-13,9924025,1214690,tt1126590
P.K.,2014-12-19,UTV Communications,Comedy,Not Rated,9896123,1211275,tt0084460
The Quiet Ones,2014-04-25,Lionsgate,Horror,PG-13,8509867,1041599,tt2235779
Island of Lemurs: Madagascar,2014-04-04,Warner Bros.,Documentary,G,8482629,1038265,tt3231010
Legends of Oz: Dorothy's Return,2014-05-09,Clarius Entertainment,Adventure,PG,8462347,1035782,tt0884726
Foxcatcher,2014-11-14,Sony Pictures Classics,Drama,R,7942789,972189,tt1100089
Vampire Academy,2014-02-07,Weinstein Co.,Drama,PG-13,7791979,953730,tt1686821
Bad Words,2014-03-14,Focus Features,Comedy,R,7779614,952217,tt2170299
Cantinflas,2014-08-29,Pantelion Films,Drama,PG,6382924,781263,tt3005242
Jerusalem,2013-09-13,National Geographic Entertainment,Documentary,Not Rated,6304112,771617,tt0116696
Meet the Mormons,2014-10-10,Purdie Distribution,Documentary,PG,6028558,737889,tt4003774
Whiplash,2014-10-10,Sony Pictures Classics,Drama,R,5901617,722352,tt2582802
Hubble 3D,2010-03-19,Warner Bros.,Documentary,G,5754866,704389,tt1433813
47 Ronin,2013-12-25,Universal,Action,PG-13,5674795,694589,tt1335975
Cesar Chavez,2014-03-28,Lionsgate,Drama,PG-13,5571497,681945,tt1621046
Inside Llewyn Davis,2013-12-06,CBS Films,Drama,R,5490231,671998,tt2042568
The Skeleton Twins,2014-09-12,Lionsgate/Roadside Attractions,Drama,R,5284309,646794,tt1571249
Journey to the South Pacific,2013-11-27,MacGillivray Freeman Films,Documentary,G,5238809,641225,tt3195742
The Wind Rises,2013-11-08,Walt Disney,Drama,PG-13,5201879,636704,tt2013293
Grudge Match,2013-12-25,Warner Bros.,Comedy,PG-13,4971780,608541,tt1661382
The Interview,2014-12-25,Sony Pictures,Comedy,R,4960726,607188,tt2788710
Walking with Dinosaurs,2013-12-20,20th Century Fox,Adventure,PG,4731936,579184,tt1762399
Snowpiercer,2014-06-27,RADiUS-TWC,Thriller/Suspense,R,4563029,558510,tt1706620
The Railway Man,2014-04-11,Weinstein Co.,Drama,R,4438438,543260,tt2058107
Dear White People,2014-10-17,Lionsgate/Roadside Attractions,Comedy,R,4376622,535694,tt2235108
The Lunchbox,2014-02-28,Sony Pictures Classics,Drama,PG,4231500,517931,tt2350496
My Old Lady,2014-09-10,Cohen Media Group,Comedy,PG-13,4001608,489792,tt2908856
Fading Gigolo,2014-04-18,Alchemy,Comedy,R,3747833,458731,tt2258345
Ida,2014-05-02,Music Box Films,Drama,PG-13,3704612,453440,tt2718492
Calvary,2014-08-01,Fox Searchlight,Black Comedy,R,3600006,440637,tt2234003
Wish I Was Here,2014-07-18,Focus Features,Comedy,R,3591299,439571,tt2870708
What If,2014-08-08,CBS Films,Romantic Comedy,PG-13,3493000,427539,tt1486834
The Grand Seduction,2014-05-30,Entertainment One,Comedy,PG-13,3409304,417295,tt2319580
Veronica Mars,2014-03-14,Warner Bros.,Drama,PG-13,3322127,406625,tt2771372
Mommy,2015-01-23,Roadside Attractions,Drama,R,3301056,404046,tt3612616
Before I Go to Sleep,2014-10-31,Clarius Entertainment,Thriller/Suspense,R,3242457,396873,tt1726592
Rosewater,2014-11-14,Open Road,Drama,R,3128941,382979,tt2752688
Obvious Child,2014-06-06,A24,Romantic Comedy,R,3122616,382205,tt2910274
Thor: The Dark World,2013-11-08,Walt Disney,Adventure,PG-13,2910814,356280,tt1981115
The Trip to Italy,2014-08-15,IFC Films,Comedy,Not Rated,2873758,351745,tt2967006
The Admiral: Roaring Currents,2014-08-08,CJ Entertainment,Action,Not Rated,2830989,346510,
The Identical,2014-09-05,Freestyle Releasing,Drama,PG,2827666,346103,tt2326574
The Fluffy Movie,2014-07-25,Open Road,Concert/Performance,PG-13,2827393,346070,tt3532608
Kirk Cameron's Saving Christmas,2014-11-14,Samuel Goldwyn Films,Multiple Genres,PG,2778297,340060,
The Good Lie,2014-10-03,Warner Bros.,Drama,PG-13,2716989,332556,tt2652092
The Pyramid,2014-12-05,20th Century Fox,Horror,R,2706405,331261,tt2799166
The Raid 2,2014-03-28,Sony Pictures Classics,Action,R,2625803,321395,tt2265171
Under the Skin,2014-04-04,A24,Thriller/Suspense,R,2605039,318854,tt1441395
Bang Bang,2014-10-02,FIP,Action,Not Rated,2581138,315928,tt2905838
Kick,2014-07-25,UTV Communications,Action,Not Rated,2472695,302655,tt2372222
Kill the Messenger,2014-10-17,Focus Features,Thriller/Suspense,R,2450846,299981,tt1216491
The Book Thief,2013-11-08,20th Century Fox,Drama,PG-13,2396662,293349,tt0816442
2014 Oscar Shorts,2014-01-31,ShortsHD,Multiple Genres,Not Rated,2357890,288603,
Tyler Perry's A Madea Christmas,2013-12-13,Lionsgate,Comedy,PG-13,2316077,283485,tt2609758
Captain Phillips,2013-10-11,Sony Pictures,Drama,PG-13,2301683,281723,tt1535109
The Homesman,2014-11-14,Roadside Attractions,Western,R,2272797,278188,tt2398231
CitizenFour,2014-10-24,RADiUS-TWC,Documentary,R,2263209,277014,tt4044364
Love is Strange,2014-08-22,Sony Pictures Classics,Drama,R,2262203,276891,tt2639344
2 States,2014-04-18,UTV Communications,Drama,Not Rated,2238175,273950,tt2372678
American Sniper,2014-12-25,Warner Bros.,Drama,R,2229288,272862,tt2179136
Le Week-End,2014-03-14,Music Box Films,Drama,R,2225098,272349,tt2392326
Cloudy with a Chance of Meatballs 2,2013-09-27,Sony Pictures,Adventure,PG,2179330,266747,tt1985966
Words and Pictures,2014-05-23,Roadside Attractions,Romantic Comedy,PG-13,2171257,265759,tt2380331
Gloria,2014-01-24,Roadside Attractions,Drama,R,2110357,258305,tt0080798
Trailer Park Boys 3: Don't Legalize It,2014-09-05,Screen Media Films,Comedy,Not Rated,2090607,255888,
Selma,2014-12-25,Paramount Pictures,Drama,PG-13,2068453,253176,tt1020072
The Immigrant,2014-05-16,RADiUS-TWC,Drama,R,2013456,246445,tt1951181
Dr. Cabbie,2014-11-26,Eros Entertainment,Comedy,G,1986209,243110,tt2831404
The Great Beauty,2013-11-15,Janus Films,Drama,Not Rated,1934973,236838,tt2358891
Only Lovers Left Alive,2014-04-11,Sony Pictures Classics,Drama,R,1876685,229704,tt1714915
Tusk,2014-09-19,A24,Horror,R,1821983,223008,tt3099498
Tim's Vermeer,2014-01-31,Sony Pictures Classics,Documentary,PG-13,1670806,204505,tt3089388
Persecuted,2014-07-18,"One Media, LLC",Drama,PG-13,1557494,190635,tt1761005
Fed Up,2014-05-09,RADiUS-TWC,Documentary,PG,1538898,188359,tt2381335
Finding Vivian Maier,2014-03-28,IFC Films,Documentary,Not Rated,1509131,184716,tt2714900
The Tale of the Princess Kaguya,2014-10-17,GKIDS,Drama,PG,1506975,184452,tt2576852
Inherent Vice,2014-12-12,Warner Bros.,Drama,R,1462978,179067,tt1791528
Pride,2014-09-26,CBS Films,Drama,R,1446634,177066,tt3169706
Locke,2014-04-25,A24,Thriller/Suspense,R,1370646,167765,tt2692904
Gimme Shelter,2014-01-24,Roadside Attractions,Drama,PG-13,1359910,166451,tt0065780
Mandela: Long Walk to Freedom,2013-11-29,Weinstein Co.,Drama,PG-13,1261498,154406,tt2304771
Singham Returns,2014-08-15,Eros Entertainment,Action,Not Rated,1226581,150132,tt2309764
Repentance,2014-02-28,Codeblack Entertainment,Thriller/Suspense,R,1189612,145607,tt0093754
Jai Ho,2014-01-24,Eros Entertainment,Action,Not Rated,1187266,145320,tt1188982
The Past,2013-12-20,Sony Pictures Classics,Drama,PG-13,1175459,143875,tt2404461
The Remaining,2014-09-05,Sony Pictures,Horror,PG-13,1169603,143158,tt2714380
Force Majeure,2014-10-24,Magnolia Pictures,Drama,R,1158170,141758,tt3630276
Hector and the Search for Happiness,2014-10-03,Relativity,Romantic Comedy,R,1124445,137630,tt1626146
The Invisible Woman,2013-12-25,Sony Pictures Classics,Drama,R,1116507,136659,tt1700845
The Rover,2014-06-13,A24,Drama,R,1109199,135764,tt2345737
50 to 1,2014-03-21,Ten Furlongs,Drama,PG-13,1069454,130900,tt1777595
Khoobsurat,2014-09-19,UTV Communications,Romantic Comedy,Not Rated,1055593,129203,tt3554418
Haider,2014-10-02,UTV Communications,Drama,Not Rated,1048143,128291,tt3390572
Third Person,2014-06-20,Sony Pictures Classics,Drama,R,1019038,124729,tt2343793
Stalingrad,2014-02-28,Sony Pictures Classics,Drama,R,1013945,124105,tt0108211
Enemy,2014-03-14,A24,Thriller/Suspense,R,1005824,123111,tt2316411
The Song,2014-09-26,Samuel Goldwyn Films,Drama,PG-13,1005691,123095,tt2517044
Awake: The Life of Yogananda,2014-10-10,Counterpoint Films & Self-Realization Fellowship,Documentary,PG,1001998,122643,tt3741860
Mr. Turner,2014-12-19,Sony Pictures Classics,Drama,R,962818,117847,tt2473794
M's negro que la noche,2014-09-26,Lionsgate,Thriller/Suspense,R,870063,106494,
Particle Fever,2014-03-05,Abramorama Films,Documentary,Not Rated,869838,106467,tt1385956
Free Birds,2013-11-01,Relativity,Comedy,PG,855955,104768,tt1621039
Atlas Shrugged: Who Is John Galt?,2014-09-12,Atlas Distribution,Drama,PG-13,851690,104246,tt2800038
Born to be Wild 3D,2011-04-08,Warner Bros.,Documentary,G,842817,103159,
Saw,2004-10-29,Lionsgate,Horror,R,815324,99794,tt0387564
Life Itself,2014-07-04,Magnolia Pictures,Documentary,R,810454,99198,tt2382298
Last Vegas,2013-11-01,CBS Films,Comedy,PG-13,801849,98145,tt1204975
Alone Yet Not Alone,2014-06-13,Hammond Entertainment,Drama,PG-13,795755,97399,tt1986769
Delivery Man,2013-11-22,Walt Disney,Comedy,PG-13,793379,97108,tt2387559
Nymphomaniac: Volume I,2014-03-21,Magnolia Pictures,Drama,Not Rated,785896,96192,
Breakup Buddies,2014-10-03,China Lion Film Distribution,Comedy,Not Rated,774961,94854,tt3890264
Palo Alto,2014-05-09,TriBeca Films,Drama,R,767732,93969,tt2479800
Under the Sea 3D,2009-02-13,Warner Bros.,Documentary,G,746627,91386,tt1020876
The Babadook,2014-11-28,IFC Midnight,Horror,Not Rated,742092,90831,tt2321549
Space Station,2002-04-19,IMAX Films,Documentary,Not Rated,728699,89192,tt2369317
Land Ho!,2014-07-11,Sony Pictures Classics,Comedy,R,727430,89036,tt3283556
Yves Saint Laurent,2014-06-25,Weinstein Co.,Drama,R,723593,88567,tt2707858
Holiday,2014-06-06,Reliance Entertainment,Thriller/Suspense,Not Rated,706893,86523,tt2556308
"Men, Women and Children",2014-10-01,Paramount Pictures,Comedy,R,705908,86402,
Frankie and Alice,2014-04-04,CODEBLACK Films/Lionsgate,Drama,R,695876,85174,
To the Arctic 3D,2012-04-20,Warner Bros.,Documentary,G,674932,82611,tt2073128
Blue Jasmine,2013-07-26,Sony Pictures Classics,Comedy,PG-13,660237,80812,tt2334873
Jodorowsky's Dune,2014-03-21,Sony Pictures Classics,Documentary,PG-13,646512,79132,tt1935156
Frank,2014-08-15,Magnolia Pictures,Comedy,R,645186,78970,tt1605717
Finding Fanny,2014-09-12,FIP,Romantic Comedy,Not Rated,623229,76282,tt3142688
Walking the Camino: Six Ways to Santiago,2013-09-06,Future Educational Films,Documentary,Not Rated,601934,73676,tt2406422
The Signal,2014-06-13,Focus Features,Thriller/Suspense,PG-13,600896,73549,tt2910814
The Disappearance of Eleanor Rigby,2014-09-12,Weinstein Co.,Drama,R,587152,71866,tt3729920
Kochadaiiyaan,2014-04-11,Eros Entertainment,Action,Not Rated,583172,71379,tt2339505
Omar,2014-02-21,Adopt Films,Thriller/Suspense,Not Rated,583000,71358,tt2852406
The Saratov Approach,2013-10-09,Purdie Distribution,Thriller/Suspense,PG-13,573874,70241,tt2887322
Back in Time,2014-12-12,China Lion Film Distribution,Drama,Not Rated,562523,68852,tt4284020
23 Blast,2014-10-24,Abramorama Films,Drama,PG-13,549185,67219,tt2304459
Forrest Gump,1994-07-06,Paramount Pictures,Drama,PG-13,540777,66190,tt0109830
Highway,2014-02-21,UTV Communications,Drama,Not Rated,529136,64765,tt2980794
Dom Hemingway,2014-04-02,Fox Searchlight,Comedy,R,523511,64077,tt2402105
The One I Love,2014-08-22,RADiUS-TWC,Romantic Comedy,R,511635,62623,tt2756032
On Any Sunday: The Next Chapter,2014-11-07,Hannover House,Documentary,PG,509916,62413,tt2872570
Tracks,2014-09-19,Weinstein Co.,Drama,PG-13,509815,62400,tt2167266
The Two Faces of January,2014-09-26,Magnolia Pictures,Thriller/Suspense,PG-13,507463,62112,tt1976000
The Captive,2014-12-12,A24,Thriller/Suspense,R,450000,55079,tt2326612
In Secret,2014-02-21,Roadside Attractions,Thriller/Suspense,R,444179,54367,tt0409379
Laggies,2014-10-24,A24,Romantic Comedy,R,440338,53896,tt2034031
Last Days in Vietnam,2014-09-05,American Experience/PBS Films,Documentary,Not Rated,440031,53859,tt3279124
La petite reine,2014-06-13,Entertainment One,Drama,Not Rated,430527,52696,tt0353876
Beijing Love Story,2014-02-14,China Lion Film Distribution,Drama,Not Rated,423598,51847,tt3505950
Cold in July,2014-05-23,IFC Films,Thriller/Suspense,R,423223,51802,tt1179031
But Always,2014-09-05,China Lion Film Distribution,Drama,Not Rated,417558,51108,tt3906444
The German Doctor,2014-04-25,Samuel Goldwyn Films,Drama,PG-13,414912,50784,tt1847746
Ek Villain,2014-06-27,Eros Entertainment,Action,Not Rated,414116,50687,
The Face of Love,2014-03-07,IFC Films,Drama,PG-13,385069,47132,tt1839642
Humpty Sharma Ki Dulhania,2014-07-11,Reliance Big Pictures,Drama,Not Rated,380011,46512,tt3678938
Jackass Presents: Bad Grandpa,2013-10-25,Paramount Pictures,Comedy,R,377575,46214,tt3063516
Joe,2014-04-11,Roadside Attractions,Drama,R,373375,45700,tt2382396
Women Who Flirt,2014-11-26,China Lion Film Distribution,Comedy,Not Rated,372143,45549,tt3313908
The Guest,2014-09-17,Picturehouse,Thriller/Suspense,R,369911,45276,tt2980592
When Comedy Went to School,2013-08-02,International Film Circuit,Documentary,Not Rated,365548,44742,tt2167056
Glen Campbell: I'll Be Me,2014-10-24,Area 23a,Documentary,PG,365522,44739,tt2049586
Le Chef,2014-06-20,Cohen Media Group,Comedy,PG-13,342667,41942,tt1911553
Venus in Fur,2014-06-20,IFC Films,Drama,Not Rated,342183,41882,tt2406252
Jimi: All is By My Side,2014-09-26,XLrater Media,Drama,R,340911,41727,tt2402085
Lee Daniels' The Butler,2013-08-16,Weinstein Co.,Drama,PG-13,338433,41423,tt1327773
Hasee Toh Phasee,2014-02-07,Reliance Entertainment,Romantic Comedy,Not Rated,336985,41246,tt3173910
Chinese Puzzle,2014-05-16,Cohen Media Group,Romantic Comedy,R,336500,41187,tt1937118
I Origins,2014-07-18,Fox Searchlight,Drama,R,336472,41183,tt2884206
"Like Father, Like Son",2014-01-17,IFC Films,Drama,Not Rated,333678,40841,tt2331143
Elaine Stritch: Shoot Me,2014-02-21,IFC Films,Documentary,Not Rated,330083,40401,tt2405792
Nymphomaniac: Volume II,2014-04-04,Magnolia Pictures,Drama,Not Rated,327167,40044,
Stranger by the Lake,2014-01-24,Strand,Drama,Not Rated,323070,39543,tt2852458
Bj_rk: Biophilia Live,2014-09-26,Cinema Purgatorio,Concert/Performance,Not Rated,319456,39101,
The Hornet's Nest,2014-05-09,Freestyle Releasing,Documentary,R,312706,38274,tt2611026
A Five Star Life,2014-07-18,Music Box Films,Drama,Not Rated,306917,37566,tt2261434
Mood Indigo,2014-07-18,Drafthouse Films,Drama,Not Rated,303187,37109,tt2027140
Happy Ending,2014-11-21,Eros Entertainment,Romantic Comedy,Not Rated,295579,36178,tt3017412
The Dance of Reality,2014-05-23,ABCKO Films,Drama,Not Rated,293680,35946,tt2301592
Innocence,2014-09-05,JSC Entertainment,Action,PG-13,292824,35841,tt0128332
A Most Violent Year,2014-12-31,A24,Drama,R,286046,35011,tt2937898
"20,000 Days on Earth",2014-09-17,Drafthouse Films,Documentary,Not Rated,277770,33998,tt2920540
The Unknown Known,2014-04-02,RADiUS-TWC,Documentary,PG-13,275658,33740,tt2390962
Main Tera Hero,2014-04-04,Eros Entertainment,Comedy,Not Rated,274579,33608,tt2762334
Night Moves,2014-05-30,Cinedigm,Thriller/Suspense,R,271755,33262,tt2043933
Kill Your Darlings,2013-10-18,Sony Pictures Classics,Drama,R,269443,32979,tt1311071
Life of Crime,2014-08-29,Lionsgate/Roadside Attractions,Comedy,R,265452,32491,tt1663207
Punjab 1984,2014-06-27,White Hill Production,Drama,Not Rated,265000,32435,tt3607198
The Green Prince,2014-09-12,Music Box Films,Documentary,PG-13,258237,31607,tt2304915
Blue Ruin,2014-04-25,RADiUS-TWC,Thriller/Suspense,R,258113,31592,tt2359024
The Blue Room,2014-10-03,IFC Films,Thriller/Suspense,R,257757,31549,tt3230082
The Zero Theorem,2014-09-19,Amplify,Drama,R,257706,31542,tt2333804
Alive Inside,2014-07-18,Bond/360,Documentary,R,256682,31417,tt2593392
Entertainment,2014-08-08,B4U Movies,Comedy,Not Rated,255000,31211,tt2978626
Elle s'en va,2013-11-22,Mongrel Media,Drama,Not Rated,252344,30886,
The Galapagos Affair: Satan Came to Eden,2014-04-04,Zeitgeist,Documentary,Not Rated,247159,30252,tt2960450
A Matter of Faith,2014-10-17,Five & Two Pictures,Drama,PG,246969,30228,tt2587914
Justin Bieber's Believe,2013-12-25,Open Road,Documentary,PG,243584,29814,tt3165608
Love on the Cloud,2014-12-24,China Lion Film Distribution,Comedy,Not Rated,241026,29501,
The 100-Year-Old Man Who Climbed Out Of The Window and Disappeared,2015-05-08,Music Box Films,Comedy,R,239299,29289,
Art and Craft,2014-09-19,Oscilloscope Pictures,Documentary,Not Rated,237091,29019,tt3654964
Diplomacy,2014-10-15,Zeitgeist,Drama,Not Rated,220000,26927,tt1403154
Child's Pose,2014-02-19,Zeitgeist,Drama,Not Rated,218224,26710,tt2187115
All is Lost,2013-10-18,Roadside Attractions,Thriller/Suspense,PG-13,216463,26494,tt2017038
Supermensch: The Legend of Shep Gordon,2014-06-06,RADiUS-TWC,Documentary,R,212701,26034,tt3074780
The Breakup Guru,2014-06-27,China Lion Film Distribution,Action,Not Rated,208959,25576,tt3667798
Gemma Bovery,2015-05-29,Music Box Films,Drama,R,207131,25352,tt2788556
Rob the Mob,2014-03-21,Alchemy,Drama,R,206909,25325,tt2481480
I Am Eleven,2014-09-12,Proud Mother Pictures,Documentary,Not Rated,202911,24836,tt1832370
Jinn,2014-04-04,Freestyle Releasing,Thriller/Suspense,PG-13,202348,24767,tt1562899
The Double,2014-05-09,Magnolia Pictures,Comedy,R,200406,24529,tt1825157
A Summer's Tale,2014-06-20,Big World Pictures,Comedy,Not Rated,198127,24250,tt0115940
Goodbye to Language,2014-10-29,Kino Lorber,Drama,Not Rated,192750,23592,tt2400275
Code Black,2014-06-20,Long Shot Factory,Documentary,Not Rated,190229,23283,tt2759372
National Gallery,2014-11-05,Zipporah,Documentary,Not Rated,189344,23175,tt3720794
Listen Up Philip,2014-10-17,TriBeca Films,Black Comedy,Not Rated,188486,23070,tt3093546
The Armstrong Lie,2013-11-08,Sony Pictures Classics,Documentary,R,186846,22869,tt1638364
Dhoom 3,2013-12-20,Yash Raj Films,Action,Not Rated,185083,22653,tt1833673
We Are The Best!,2014-05-30,Magnolia Pictures,Drama,Not Rated,180590,22104,tt2364975
Anita: Speaking Truth to Power,2014-03-21,Samuel Goldwyn Films,Documentary,Not Rated,172634,21130,
Afternoon of a Faun: Tanaquil Le Clercq,2014-02-05,Kino Lorber,Documentary,Not Rated,172120,21067,tt2381319
That Demon Within,2014-04-18,China Lion Film Distribution,Horror,Not Rated,172010,21053,tt3511542
The Last of Robin Hood,2014-08-29,Samuel Goldwyn Films,Drama,R,171138,20947,tt2450440
God's Pocket,2014-05-09,IFC Films,Drama,R,166457,20374,tt2920808
Nas: Time is Illmatic,2014-10-01,TriBeca Films,Documentary,Not Rated,164540,20139,tt3549508
Horns,2014-10-31,RADiUS-TWC,Horror,R,164480,20132,tt1528071
Keep On Keepin' On,2014-09-19,RADiUS-TWC,Documentary,R,162530,19893,tt2674040
Deep Sea 3-D,2006-03-03,Warner Bros.,Documentary,G,162505,19890,
Pirates,2014-09-12,Well Go USA,Adventure,Not Rated,160133,19600,tt0091757
A Girl Walks Home Alone at Night,2014-11-21,Kino Lorber,Horror,Not Rated,158707,19425,tt2326554
Ernest & Celestine,2014-02-28,GKIDS,Adventure,Not Rated,156644,19173,tt0263317
Citizen Koch,2014-06-06,Variance Films,Documentary,Not Rated,153908,18838,tt2545338
Alan Partridge,2014-04-04,Magnolia Pictures,Comedy,R,153426,18779,tt0469021
A Coffee in Berlin,2014-06-09,Music Box Films,Drama,Not Rated,150275,18393,tt1954701
From the Rough,2014-04-23,Freestyle Releasing,Drama,PG,150000,18359,tt1704586
James Cameron's Deepsea Challenge 3D,2014-08-08,DisruptiveLA,Documentary,PG,149879,18345,
Out of the Furnace,2013-12-04,Relativity,Drama,R,143313,17541,tt1206543
Kids for Cash,2014-02-07,SenArt Films,Documentary,PG-13,143178,17524,tt2925642
Leviathan,2014-12-25,Sony Pictures Classics,Drama,R,140361,17180,tt2802154
Mistaken for Strangers,2014-03-28,Abramorama Films,Documentary,Not Rated,138991,17012,tt2737310
The Congress,2014-08-29,Drafthouse Films,Drama,Not Rated,137815,16868,tt1821641
Dancing in Jaffa,2014-04-11,IFC Films,Documentary,Not Rated,136257,16677,tt2125480
Aa Gaye Munde U.K. De,2014-08-08,Yash Raj Films,Romantic Comedy,Not Rated,135000,16523,tt3876082
Redwood Highway,2014-04-18,Monterey Media,Drama,PG-13,134049,16407,tt2515164
The Jewish Cardinal,2014-01-03,Film Movement,Drama,Not Rated,133672,16361,
Gore Vidal: The United States of Amnesia,2014-05-23,IFC Films,Documentary,Not Rated,133296,16315,tt1745710
Raja Natwarlal,2014-08-29,UTV Communications,Drama,Not Rated,131105,16047,tt3483712
Bethlehem,2014-03-07,Adopt Films,Thriller/Suspense,Not Rated,127115,15558,tt2915160
Make Your Move,2014-04-18,High Top Releasing,Musical,PG-13,125106,15312,tt1828959
20 Feet From Stardom,2013-06-14,RADiUS-TWC,Documentary,PG-13,124984,15297,
For a Woman,2014-05-02,Film Movement,Drama,Not Rated,122764,15026,tt2176786
Afflicted,2014-04-04,CBS Films,Horror,R,121179,14832,tt2309961
Kundo: Age of the Rampant,2014-08-29,Well Go USA,Action,Not Rated,120857,14792,tt2972482
Finding Fela!,2014-08-01,Kino Lorber,Documentary,Not Rated,120426,14740,tt2194328
Knights of Badassdom,2014-01-21,Entertainment One,Comedy,R,113531,13896,tt1545660
The Liberator,2014-10-03,Cohen Media Group,Drama,R,113067,13839,tt2387513
"Two Days, One Night",2014-12-24,Sundance Selects,Drama,PG-13,110572,13533,tt2737050
God the Father,2014-10-14,Rocky Mountain Pictures,Documentary,R,109508,13403,tt3722118
Despicable Me 2,2013-07-02,Universal,Comedy,PG,108650,13298,tt1690953
En solitaire,2014-04-18,Mongrel Media,Adventure,Not Rated,103628,12683,tt0299846
God Help the Girl,2014-09-05,Amplify,Musical,Not Rated,102757,12577,tt2141751
Coherence,2014-06-20,Oscilloscope Pictures,Drama,Not Rated,102617,12560,tt2866360
Korengal,2014-05-30,Saboteur Media,Documentary,R,101310,12400,tt3578504
The Overnighters,2014-10-10,Drafthouse Films,Documentary,PG-13,100023,12242,tt3263996
The Golden Era,2014-10-17,China Lion Film Distribution,Drama,Not Rated,99872,12224,tt3696086
Ivory Tower,2014-06-13,Samuel Goldwyn Films,Documentary,PG-13,99555,12185,tt3263520
Young & Beautiful,2014-04-25,IFC Films,Drama,Not Rated,99118,12131,tt0072431
The Way He Looks,2014-11-07,Strand,Drama,Not Rated,98408,12045,tt1702014
Ode to My Father,2014-12-25,CJ Entertainment,Drama,Not Rated,96841,11853,tt3812366
Generation War,2014-01-15,Music Box Films,Drama,Not Rated,91595,11211,tt1579233
Girl on a Bicycle,2014-02-14,Monterey Media,Romantic Comedy,R,91401,11187,tt1686042
One Chance,2014-10-10,Weinstein Co.,Drama,PG-13,90592,11088,tt1196956
Hiroshima Mon Amour,2014-10-17,Rialto Pictures,Drama,Not Rated,88300,10807,tt0052893
Breathe In,2014-03-28,Cohen Media Group,Drama,R,88100,10783,tt1999987
The Best Offer,2014-01-03,IFC Films,Drama,R,86124,10541,tt1924396
Visitors,2014-01-24,Cinedigm,Documentary,Not Rated,81470,9971,tt0301989
Advanced Style,2014-09-26,Bond/360,Documentary,Not Rated,81004,9914,tt3268030
Ender's Game,2013-11-01,Lionsgate,Adventure,PG-13,80342,9833,tt1731141
Life After Beth,2014-08-15,A24,Black Comedy,R,80315,9830,tt2581244
12 O'Clock Boys,2014-01-31,Oscilloscope Pictures,Documentary,Not Rated,80030,9795,tt2420006
Fort McCoy,2014-08-15,Monterey Media,Drama,R,78948,9663,tt1282046
Godzilla: The Original Japanese Version,2004-05-07,Rialto Pictures,Horror,Not Rated,78869,9653,
Whitey: United States of America v. James J. Bulger,2014-06-27,Magnolia Pictures,Documentary,R,75881,9287,tt3326366
Just a Sigh,2014-03-21,Distrib Films,Drama,Not Rated,75531,9244,tt2659190
Zero Motivation,2014-12-03,Zeitgeist,Drama,Not Rated,74892,9166,tt3576084
Cutie and the Boxer,2013-08-16,Radius,Documentary,R,73892,9044,tt2355540
The Broken Circle Breakdown,2013-11-01,TriBeca Films,Drama,Not Rated,73338,8976,tt2024519
Escape Plan,2013-10-18,Lionsgate,Thriller/Suspense,R,72410,8862,tt1211956
Pump,2014-09-19,Submarine Deluxe,Documentary,PG,72277,8846,tt2630916
Better Living Through Chemistry,2014-03-14,Samuel Goldwyn Films,Black Comedy,Not Rated,72273,8846,tt1609479
The Square,2013-10-25,Noujaim Films,Documentary,Not Rated,71290,8725,tt2486682
Final: The Rapture,2013-09-13,Riverrain,Thriller/Suspense,PG-13,70095,8579,tt2710368
Take Me to the River,2014-09-12,Abramorama Films,Documentary,PG,68598,8396,tt3498950
"Je t'aime, je t'aime",2014-02-14,The Film Desk,Drama,Not Rated,67503,8262,tt0063152
For No Good Reason,2014-04-25,Sony Pictures Classics,Documentary,R,67105,8213,tt2112152
The Notebook,2014-08-29,Sony Pictures Classics,Drama,R,66235,8107,tt0332280
Song of the Sea,2014-12-19,GKIDS,Adventure,PG,65845,8059,tt1865505
Through a Lens Darkly,2014-08-27,First Run Features,Documentary,Not Rated,64441,7887,tt3210388
Watermark,2014-04-04,Entertainment One,Documentary,PG,64031,7837,tt0371392
Jealousy,2014-08-13,Distrib Films,Drama,Not Rated,63946,7826,tt2511670
Heropanti,2014-05-23,UTV Communications,,Not Rated,63649,7790,tt3142232
The Last Sentence,2014-06-20,Music Box Films,Drama,Not Rated,62506,7650,tt1590013
Tiger & Bunny the Movie: The Rising,2014-03-14,Eleven Arts,Action,Not Rated,61562,7535,tt1068299
The Art of the Steal,2014-03-14,RADiUS-TWC,Comedy,R,61446,7520,tt2172985
Maidentrip,2013-12-20,First Run Features,Documentary,Not Rated,60985,7464,tt2555268
Siddharth,2014-06-27,Zeitgeist,Drama,Not Rated,60537,7409,tt2932606
Frontera,2014-09-05,Magnolia Pictures,Drama,PG-13,59696,7306,tt2510028
Il conformista,2014-08-29,Kino Lorber,Drama,R,59656,7301,
Wetlands,2014-09-05,Strand,Comedy,Not Rated,59437,7275,tt2524674
Cheap Thrills,2014-03-21,Drafthouse Films,Thriller/Suspense,Not Rated,59424,7273,tt2389182
Sweet Dreams,2013-11-15,International Film Circuit,Documentary,Not Rated,59403,7270,tt0090110
Walk of Shame,2014-05-02,Focus Features,Comedy,R,59209,7247,tt2463288
The One I Wrote for You,2014-12-05,Abramorama Films,Drama,PG,58872,7205,tt2518370
Borgman,2014-06-06,Drafthouse Films,Thriller/Suspense,Not Rated,57475,7034,tt1954315
Ai Weiwei: The Fake Case,2014-05-16,International Film Circuit,Documentary,Not Rated,57322,7016,tt3281074
Cuban Fury,2014-04-11,Entertainment One,Comedy,R,57105,6989,tt2390237
The Rocket,2014-01-10,Kino Lorber,Drama,Not Rated,56823,6955,tt2178256
The Bag Man,2014-02-28,Cinedigm,Thriller/Suspense,R,56574,6924,tt2212008
In Bloom,2014-01-10,Big World Pictures,Drama,Not Rated,56092,6865,tt2741806
Rudderless,2014-10-17,Samuel Goldwyn Films,Drama,R,56001,6854,tt1798243
Big Men,2014-03-14,Abramorama Films,Documentary,Not Rated,55032,6735,tt2789532
Starred Up,2014-08-27,TriBeca Films,Drama,Not Rated,54915,6721,tt2567712
Ilo Ilo,2014-04-04,Film Movement,Drama,Not Rated,54071,6618,tt2901736
At Middleton,2014-01-31,Anchor Bay Entertainment,Drama,R,53837,6589,tt1483324
Half of a Yellow Sun,2014-05-16,Monterey Media,Drama,R,53645,6566,tt2215077
Enough Said,2013-09-18,Fox Searchlight,Comedy,PG-13,53203,6511,tt2390361
"1,000 Times Goodnight",2014-10-24,Film Movement,Drama,Not Rated,53025,6490,
Low Down,2014-10-24,Oscilloscope Pictures,Drama,R,52337,6405,tt1864405
Hellion,2014-06-13,IFC Films,Drama,R,51748,6333,tt3186318
Hateship Loveship,2014-04-11,IFC Films,Drama,R,51610,6317,tt2463512
To Be Takei,2014-08-22,Starz Media,Documentary,Not Rated,51481,6301,tt2174896
The Missing Picture,2014-03-19,Strand,Documentary,Not Rated,51337,6283,tt2852470
The Internet's Own Boy: The Story of Aaron Swartz,2014-06-27,Participant Media,Documentary,R,50735,6209,tt3268458
The Taking of Tiger Mountain,2015-01-02,Well Go USA,Adventure,Not Rated,50621,6195,tt3950078
The Retrieval,2014-04-02,Variance Films,Western,R,50257,6151,tt2635006
A Touch of Sin,2013-10-04,Kino Lorber,Drama,Not Rated,50193,6143,tt2852400
NOW: In the Wings on a World Stage,2014-05-02,Spacey,Documentary,Not Rated,49591,6069,tt3608848
Lucky Them,2014-05-30,IFC Films,Romantic Comedy,R,48995,5996,tt1885299
She's Beautiful When She's Angry,2014-12-05,International Film Circuit,Documentary,Not Rated,48676,5957,tt3319508
Amercian Mustang,2014-01-17,Vitagraph Films,Documentary,PG,48218,5901,
A Master Builder,2014-07-23,Abramorama Films,Drama,Not Rated,46874,5737,tt2276069
Filmistan,2014-06-06,UTV Communications,Comedy,Not Rated,45406,5557,
There's No Place Like Utopia,2014-07-18,Rocky Mountain Pictures,Documentary,PG-13,45254,5539,tt3868452
The Dog,2014-08-08,Drafthouse Films,Documentary,Not Rated,44582,5456,tt3091304
Alphaville,2014-02-07,Rialto Pictures,Drama,Not Rated,43729,5352,tt0058898
If You Build It,2014-01-10,Long Shot Factory,Documentary,Not Rated,43393,5311,tt2322482
Viva La Liberta,2014-11-07,Distrib Films,,Not Rated,43116,5277,
Water & Power,2014-05-02,North/South Pictures,Drama,Not Rated,42557,5208,tt0240200
Blood Ties,2014-03-21,Roadside Attractions,Drama,R,42472,5198,tt1747958
"Flamenco, Flamenco",2014-09-19,Dada Films,Documentary,Not Rated,42297,5177,tt1550481
Percy Jackson: Sea of Monsters,2013-08-07,20th Century Fox,Adventure,PG,41344,5060,tt1854564
Elsa & Fred,2014-11-07,Alchemy,Comedy,PG-13,40903,5006,tt0263312
Interior. Leather Bar.,2014-01-02,Strand,Drama,Not Rated,40862,5001,tt2352488
Teenage,2014-03-14,Oscilloscope Pictures,Documentary,Not Rated,40169,4916,tt2196055
Decoding Annie Parker,2014-05-02,Entertainment One,Drama,R,39850,4877,tt1464191
Two Lives,2014-02-28,IFC Films,Drama,Not Rated,39673,4855,tt1783422
Child of God,2014-08-01,Well Go USA,Drama,R,37949,4644,tt1951095
Fire in the Blood,2013-09-06,International Film Circuit,Documentary,Not Rated,36228,4434,tt1787067
"Pulp: a Film About Life, Death & Supermarkets",2014-11-19,Oscilloscope Pictures,Documentary,Not Rated,35866,4389,tt3265262
Not Cool,2014-09-19,Starz Media,Comedy,Not Rated,35688,4368,tt3569356
Beneath the Harvest Sky,2014-04-25,TriBeca Films,Drama,Not Rated,34768,4255,tt2313896
Filth,2014-05-30,Magnolia Pictures,Black Comedy,R,34411,4211,tt1450321
Rocks in My Pockets,2014-09-03,Zeitgeist,Comedy,Not Rated,34236,4190,tt2961890
White Bird in a Blizzard,2014-10-24,Magnolia Pictures,Drama,R,33821,4139,tt2238050
It Felt Like Love,2014-03-21,Variance Films,Drama,Not Rated,33817,4139,tt2328922
Expedition to the End of the World,2014-08-20,Argot Pictures,Documentary,Not Rated,33416,4090,tt2530936
A Field in England,2014-02-07,Drafthouse Films,Thriller/Suspense,Not Rated,32846,4020,tt2375574
Big Bad Wolves,2014-01-17,Magnet Pictures,Thriller/Suspense,Not Rated,32828,4018,tt2309224
Dead Snow 2: Red vs. Dead,2014-10-10,Well Go USA,Black Comedy,R,32617,3992,tt2832470
Sagrada: The Mystery of Creation,2014-09-12,First Run Features,Documentary,Not Rated,32600,3990,tt2552316
The Best Man Holiday,2013-11-15,Universal,Comedy,R,32510,3979,tt2083355
Six Dance Lessons in Six Weeks,2014-12-12,Dada Films,Comedy,Not Rated,32424,3968,tt1670994
The Hero of Color City,2014-10-03,Magnolia Pictures,Adventure,G,32188,3939,tt0498351
Ping Pong Summer,2014-06-06,Gravitas Ventures,Comedy,Not Rated,31900,3904,tt2402985
Abuse of Weakness,2014-08-22,Strand,Drama,Not Rated,31557,3862,tt2418372
Yellow Day,2014-09-19,Self Distributed,Adventure,PG,31000,3794,tt2170242
Documented,2014-05-02,"Documented Film, LLC",Documentary,Not Rated,30662,3752,tt3057836
Happy Christmas,2014-07-25,Magnolia Pictures,Comedy,R,30312,3710,tt2955096
Tim Burton's The Nightmare Before Christmas 3D,2006-10-20,Walt Disney,Musical,PG,29137,3566,
A Long Way Off,2014-05-06,"Moving Visions Entertainment, Inc.",Drama,PG,28951,3543,tt2386502
Stations of the Elevated,2014-10-17,APD/Cinema Conservancy,Documentary,Not Rated,28516,3490,tt0262792
Closed Curtain,2014-07-09,Variance Films,Drama,Not Rated,28098,3439,tt2626926
Fanny,2014-07-25,Kino Lorber,Drama,Not Rated,27803,3403,tt0054866
Monk With a Camera,2014-11-21,Kino Lorber,Documentary,Not Rated,27663,3385,tt3093520
Lilting,2014-09-26,Strand,Drama,Not Rated,26699,3267,tt2560102
Bettie Page Reveals All,2013-11-22,Music Box Films,Documentary,R,26342,3224,tt1776086
Last Weekend,2014-08-29,IFC Films,Comedy,Not Rated,26111,3195,tt2435458
Burning Bush,2014-06-11,,Drama,Not Rated,26105,3195,tt2543184
Elena,2014-05-30,Variance Films/Syndicado,Documentary,Not Rated,25866,3165,tt1925421
Bird People,2014-09-12,IFC Films,Drama,Not Rated,25209,3085,tt2368635
The Act of Killing,2013-07-19,Drafthouse Films,Documentary,Not Rated,25142,3077,tt2375605
Jimmy P.,2014-02-14,IFC Films,Drama,Not Rated,24791,3034,tt2210834
Muscle Shoals,2013-09-27,Magnolia Pictures,Documentary,PG,24431,2990,tt2492916
Personal Tailor,2013-12-20,China Lion Film Distribution,Comedy,Not Rated,24225,2965,tt2992152
Happy Valley,2014-11-19,Music Box Films,Documentary,Not Rated,23868,2921,tt2171902
Blue is the Warmest Color,2013-10-25,IFC Films,Drama,NC-17,23721,2903,tt2278871
Believe Me,2014-09-26,Riot Studios,Comedy,PG-13,23689,2899,tt3107070
Video Games: The Movie,2014-07-18,Variance Films,Documentary,Not Rated,23043,2820,tt3214002
Grand Piano,2014-03-07,Magnolia Pictures,Thriller/Suspense,R,22555,2760,tt2039345
Murder Eleven,2013-10-01,Indican Pictures,Thriller/Suspense,R,22107,2705,tt2130136
Memphis,2014-09-05,Kino Lorber,Drama,Not Rated,21232,2598,tt3092606
The Decent One,2014-10-01,Kino Lorber,Documentary,Not Rated,20240,2477,
The Past is a Grotesque Animal,2014-06-19,Oscilloscope Pictures,Documentary,Not Rated,20056,2454,tt3072636
"Christian Mingle, The Movie",2014-10-10,Rocky Mountain Pictures,Romantic Comedy,PG,19836,2427,
Adult World,2014-02-14,IFC Films,Comedy,R,19731,2415,tt1067765
Why Don't You Play in Hell?,2014-11-07,Drafthouse Films,Action,Not Rated,19621,2401,tt2409302
Guardian Angel,2014-10-17,Richmond Media Entertainment,Action,R,19480,2384,tt0109950
Peter Brook: The Tightrope,2014-01-31,First Run Features,Documentary,Not Rated,19365,2370,
Watchers of the Sky,2014-10-17,Music Box Films,Documentary,Not Rated,19339,2367,tt2049589
The Kill Team,2014-07-25,Oscilloscope Pictures,Documentary,Not Rated,19183,2347,tt2732932
Test,2014-06-06,Variance Films,Drama,Not Rated,18823,2303,tt2407380
Tasting Menu,2014-04-18,Magnolia Pictures,Comedy,PG-13,18686,2287,tt1826753
The Passionate Thief,2014-12-05,Rialto Pictures,Comedy,Not Rated,18404,2252,tt0054242
Who is Dayani Cristal?,2014-04-25,Kino Lorber,Documentary,Not Rated,18190,2226,tt1847750
Journey to the West,2014-03-07,Magnolia Pictures,Adventure,PG-13,18058,2210,tt2017561
Stand Clear of the Closing Doors,2014-05-23,Oscilloscope Pictures,Drama,Not Rated,17282,2115,tt2405372
Accident,2014-05-23,Rialto Pictures,Drama,Not Rated,17161,2100,tt1202514
Hank and Asha,2014-04-11,FilmRise,Romantic Comedy,Not Rated,16878,2065,tt2330270
The Principle,2014-10-24,Rocky Mountain Pictures,Reality,PG,16826,2059,tt2458876
The Sacrifice,2014-11-07,Kino Lorber,Drama,Not Rated,16503,2019,tt0091670
Levitated Mass,2014-09-05,First Run Features,Documentary,Not Rated,16086,1968,tt2992220
Two Night Stand,2014-09-26,Entertainment One,Romantic Comedy,R,15600,1909,tt2140619
Magician: The Astonishing Life and Work of Orson Wells,2014-12-10,Cohen Media Group,Documentary,PG-13,15528,1900,
Kelly & Cal,2014-09-05,IFC Films,Comedy,R,15297,1872,tt0082606
Barefoot,2014-02-21,Roadside Attractions,Romantic Comedy,PG-13,15071,1844,tt2355495
Free the Mind,2013-05-03,International Film Circuit,Documentary,Not Rated,15069,1844,tt1673376
Horses of God,2014-05-14,Kino Lorber,Drama,Not Rated,14817,1813,tt2369047
Conte d'hiver,2014-12-19,Big World Pictures,Drama,Not Rated,14810,1812,tt0253005
The Last of the Unjust,2014-02-07,Cohen Media Group,Documentary,PG-13,14500,1774,tt2340784
Exhibition,2014-06-20,Kino Lorber,Drama,Not Rated,14157,1732,tt2436452
The Pretty One,2014-02-07,Dada Films,Comedy,R,13769,1685,tt2140577
Fifi Howls from Happiness,2014-08-08,Music Box Films,Documentary,Not Rated,13614,1666,tt2731398
The Counselor,2013-10-25,20th Century Fox,Thriller/Suspense,R,13491,1651,tt2193215
As It Is in Heaven,2014-07-11,Cinema Purgatorio,Drama,Not Rated,13486,1650,tt0382330
War of the World's Goliath,2014-03-07,Anderson Digital,Adventure,PG-13,13385,1638,
A Long Way Down,2014-07-11,Magnolia Pictures,Drama,R,13347,1633,tt0458413
The Pleasures of Being Out of Step,2013-06-30,First Run Features,Documentary,Not Rated,13137,1607,tt2312616
Night Lights,2014-08-15,Indican Pictures,Drama,Not Rated,12848,1572,tt3213500
Coming Up Roses,2012-11-09,Dada Films,Drama,Not Rated,12835,1570,tt0090867
Inequality for All,2013-09-27,RADiUS-TWC,Documentary,PG,12301,1505,tt2215151
Touch the Wall,2014-11-28,"Touch the Wall, LLC",Documentary,Not Rated,12156,1487,tt2980728
Bhopal: A Prayer for Rain,2014-11-07,Revolver Entertainment,Drama,Not Rated,12111,1482,tt0839742
Alien Abduction,2014-04-04,IFC Midnight,Thriller/Suspense,Not Rated,12087,1479,tt2510434
The French Minister,2014-03-21,,Comedy,Not Rated,12027,1472,tt2609222
Run & Jump,2014-01-24,Sundance Selects,Drama,Not Rated,11805,1444,tt0102818
Falcon Rising,2014-09-05,Freestyle Releasing,Adventure,R,11774,1441,tt2295722
Emoticon,2014-05-30,Indican Pictures,Drama,Not Rated,11761,1439,tt4546446
The Final Member,2014-04-18,Drafthouse Films,Documentary,R,11428,1398,tt2318701
History of Jazz: Oxygen for the Ears,2013-08-31,Indican Pictures,Documentary,Not Rated,11293,1382,tt2273471
The Amazing Catfish,2014-06-13,Strand,Comedy,Not Rated,11278,1380,tt2414046
The Selfish Giant,2013-12-20,IFC Films,Drama,Not Rated,11117,1360,tt2304426
Pay 2 Play: Democracy's High Stakes,2014-09-05,"Shoot First, Inc.",Documentary,Not Rated,11021,1348,tt3410666
American Promise,2013-10-18,Rada Film Group,Documentary,Not Rated,10317,1262,tt2545088
The Endless Summer,2014-07-23,Monterey Media,Documentary,Not Rated,10233,1252,tt0060371
The Great Invisible,2014-10-29,RADiUS-TWC,Documentary,PG-13,9952,1218,tt3567200
Camp X-Ray,2014-10-17,IFC Films,Drama,R,9837,1204,tt2994190
The King and the Mockingbird,2014-11-21,Rialto Pictures,Adventure,Not Rated,9554,1169,tt0079820
The Players,2014-04-04,Weinstein Co.,Comedy,R,9552,1169,tt2087850
The Search of General Tso,2015-01-02,Sundance Selects,Documentary,Not Rated,9336,1142,
Last Passenger,2014-04-25,Cohen Media Group,Thriller/Suspense,R,9326,1141,tt1858481
Honeymoon,2014-09-12,Magnolia Pictures,Horror,R,9318,1140,tt3177316
The Sacrament,2014-06-06,Magnolia Pictures,Horror,R,9221,1128,tt2383068
13 Sins,2014-04-18,RADiUS-TWC,Horror,R,9134,1117,tt2059171
Goodbye to All That,2014-12-17,IFC Films,Drama,Not Rated,9000,1101,tt2437548
On the Other Side of the Tracks,2014-04-04,Weinstein Co.,Comedy,R,8689,1063,tt1937133
Kabbalah Me,2014-08-21,First Run Features,Documentary,Not Rated,8671,1061,tt3726626
Days and Nights,2014-09-26,IFC Films,Comedy,Not Rated,8647,1058,tt2359381
Radio Free Albemuth,2014-06-27,Freestyle Releasing,Thriller/Suspense,R,8493,1039,tt1129396
Canopy,2014-08-29,Monterey Media,Adventure,PG-13,8462,1035,tt2232578
Love is in the Air,2014-01-31,Variance Films,Romantic Comedy,Not Rated,8425,1031,tt2298384
Go For Sisters,2013-11-08,Variance Films,Thriller/Suspense,Not Rated,8388,1026,tt2247432
Before I Disappear,2014-11-28,IFC Films,Drama,Not Rated,8251,1009,tt3279172
Next Year Jerusalem,2014-05-16,First Run Features,Documentary,Not Rated,8093,990,
The Empty Hours,2014-07-11,Strand,Drama,Not Rated,7879,964,tt3249158
Archipelago,2014-06-27,Kino Lorber,Drama,Not Rated,7791,953,tt1527835
Faith Connections,2014-09-12,Kino Lorber,Documentary,Not Rated,7772,951,tt2768766
Come Back to Me,2014-07-25,Freestyle Releasing,Horror,R,7744,947,tt2551396
Iceman,2014-09-19,Well Go USA,Action,R,7679,939,tt0087452
Concerning Violence,2014-12-05,Kino Lorber,Documentary,Not Rated,7241,886,tt3263690
Comet,2014-12-05,IFC Films,Romantic Comedy,R,7194,880,tt2965412
The Strange Color of Your Body's Tears,2014-08-29,Strand,Thriller/Suspense,Not Rated,7182,879,tt2733258
The ABC's of Death 2,2014-10-31,Magnet Pictures,Horror,Not Rated,7171,877,tt3292836
The Historian,2014-11-07,,Drama,Not Rated,7087,867,tt2714410
Stage Fright,2014-05-09,Magnolia Pictures,Horror,R,7078,866,tt0042994
Plot for Peace,2014-10-31,Trinity Film,Documentary,Not Rated,7051,863,tt2679680
Le jour se leve,2014-11-14,Rialto Pictures,Drama,Not Rated,6982,854,tt0031514
Eternity: The Movie,2014-10-17,Vagrant Films,Comedy,Not Rated,6960,851,tt2309762
Camille Claudel: 1915,2013-10-16,Kino Lorber,Drama,Not Rated,6941,849,tt2018086
Pioneer,2014-12-05,Magnolia Pictures,Thriller/Suspense,R,6847,838,tt2369205
"No God, No Master",2014-03-28,Monterey Media,Drama,PG-13,6796,831,tt1485761
I Am Ali,2014-10-10,Focus Features,Documentary,PG,6526,798,tt4008652
Revenge of the Mekons,2014-10-29,Music Box Films,Documentary,Not Rated,6487,794,tt1322362
Life Partners,2014-12-05,Magnolia Pictures,Comedy,R,6395,782,tt2870808
The Olivia Experiment,2014-08-22,Indican Pictures,Comedy,Not Rated,6366,779,tt2063819
More Than Honey,2013-06-12,Kino Lorber,Documentary,Not Rated,6347,776,tt2263058
Love & Air Sex,2014-02-07,TriBeca Films,Comedy,Not Rated,6047,740,tt0057012
In No Great Hurry: 13 Lessons in Life with Saul Leiter,2014-01-03,Self Distributed,Documentary,Not Rated,6033,738,tt2222584
The Hacker Wars,2014-10-17,Vitagraph Films,Documentary,Not Rated,5916,724,tt4047350
Black Nativity,2013-11-27,20th Century Fox,Musical,PG,5872,718,tt1425922
The Little Bedroom,2014-09-26,Cinema Libre,Drama,Not Rated,5816,711,tt1401669
Almost Human,2014-02-21,IFC Films,Horror,Not Rated,5710,698,tt2325517
The Punk Singer,2013-11-29,IFC Films,Documentary,Not Rated,5604,685,tt1785612
The Quitter,2014-09-12,Goodface Films,Drama,Not Rated,5588,683,tt2377194
Kid Cannabis,2014-04-18,Well Go USA,Drama,Not Rated,5565,681,tt0780548
Short Term 12,2013-08-23,Cinedigm,Drama,R,5518,675,tt2370248
Flex is Kings,2014-04-04,Baxter Brothers,Documentary,Not Rated,5418,663,tt2393799
Web Junkie,2014-08-06,Kino Lorber,Documentary,Not Rated,5338,653,tt2064745
At Berkeley,2013-11-08,Zipporah,Documentary,Not Rated,5254,643,tt3091552
"2 Autumns, 3 Winters",2014-06-06,Film Movement,Drama,Not Rated,5030,615,tt2871116
Violette,2014-06-13,Adopt Films,Drama,Not Rated,4981,609,tt0078467
Les beaux jours,2013-10-25,Mongrel Media,Drama,Not Rated,4919,602,tt0387058
The Worst Movie EVER!,2011-08-19,Hiltz Squared,Comedy,Not Rated,4907,600,tt1801113
Nothing Bad Can Happen,2014-06-27,Drafthouse Films,Horror,Not Rated,4871,596,tt2822400
Gabrielle,2014-04-18,Entertainment One,Drama,R,4804,588,tt0435479
Return to Nuke 'Em High Volume 1,2014-01-10,Anchor Bay Entertainment,Black Comedy,Not Rated,4790,586,tt2279922
Half the Road,2014-04-18,First Run Features,Documentary,Not Rated,4783,585,tt3226754
Smiling Through the Apocalypse,2014-09-12,First Run Features,Documentary,Not Rated,4560,558,tt2466654
Jews of Egypt,2014-03-28,ArtMattan Productions,Documentary,Not Rated,4506,551,tt2507458
Unrelated,2014-06-27,Kino Lorber,Drama,Not Rated,4419,540,tt1107850
Life of Riley,2014-10-24,Kino Lorber,Drama,Not Rated,4406,539,tt2751390
The Truth About Emanuel,2014-01-10,TriBeca Films,Drama,Not Rated,4404,539,tt1838520
Life of a King,2014-01-17,Alchemy,Drama,PG-13,4304,526,tt2708254
Manuscripts Don't Burn,2014-06-13,Kino Lorber,Drama,Not Rated,4279,523,tt2912144
The Devil's Hand,2014-10-10,Roadside Attractions,Thriller/Suspense,PG-13,4239,518,tt2290739
Nothing But a Man,2012-11-09,APD/Cinema Conservancy,Drama,Not Rated,4177,511,tt0058414
Northern Lights,2013-09-20,Artists Public Domain/Cinema Conservancy,Drama,Not Rated,4162,509,tt1363127
Thunder and the House of Magic,2014-09-05,Shout! Factory,Adventure,Not Rated,4091,500,tt3148834
Bicycling with Moliere,2014-04-23,Strand,Comedy,Not Rated,3896,476,tt2207050
The Mystery of Happiness,2014-09-12,Strand,Romantic Comedy,Not Rated,3894,476,tt3302594
Beyond Outrage,2014-01-03,Magnolia Pictures,Action,R,3878,474,tt1724962
Hollidaysburg,2014-09-19,Starz Media,Comedy,Not Rated,3709,453,tt3569326
Exists,2014-10-24,Lionsgate,Horror,R,3650,446,tt1988621
The Word,2014-03-14,Scarlet Sky Productions,Drama,Not Rated,3648,446,tt3509804
Hide Your Smiling Faces,2014-03-28,TriBeca Films,Drama,Not Rated,3576,437,tt1964773
Raze,2014-01-10,IFC Midnight,Action,R,3453,422,tt2111392
Life's a Breeze,2014-09-19,Magnolia Pictures,Comedy,R,3450,422,tt2132374
The Girl on the Train,2014-07-03,Monterey Media,Thriller/Suspense,R,3124,382,tt1183672
Showrunners: The Art of Running a TV Show,2014-10-29,Submarine Deluxe,Documentary,Not Rated,3100,379,tt1942971
Death Metal Angola,2014-11-07,The Vladar Company,Documentary,R,3098,379,tt2118609
Assistance mortelle,2014-02-28,Velvet Film,Documentary,Not Rated,3000,367,tt2373878
Aftermath,2014-11-28,Freestyle Releasing,Black Comedy,R,2955,361,tt0159241
V/H/S: Viral,2014-11-21,Magnolia Pictures,Horror,R,2756,337,tt3704538
Black Out,2014-02-21,Music Box Films,Action,Not Rated,2734,334,tt2114358
Tip Top,2014-12-12,Kino Lorber,Comedy,Not Rated,2732,334,tt2403981
Mercedes Sosa: The Voice of Latin America,2014-01-24,First Run Features,Documentary,Not Rated,2648,324,tt2568472
The Sleepwalker,2014-11-21,IFC Films,Drama,Not Rated,2636,322,tt2723576
Jake Squared,2014-08-15,Freestyle Releasing,Comedy,R,2592,317,tt2314374
Refuge,2014-03-28,Strand,Drama,Not Rated,2554,312,tt1844763
Don Jon,2013-09-27,Relativity,Romantic Comedy,R,2511,307,tt2229499
Revenge of the Green Dragons,2014-10-24,A24,Action,R,2500,305,tt1396523
Dinosaur 13,2014-08-15,Lionsgate,Documentary,PG,2500,305,tt3090252
The Protector 2,2014-05-02,Magnet Pictures,Action,R,2463,301,
To Die is Hard,2010-12-17,Driving With Our Eyes Shut,Comedy,Not Rated,2443,299,tt1562904
Evergreen: The Road to Legalization,2014-06-13,First Run Features,Documentary,Not Rated,2363,289,tt2897642
Stop the Pounding Heart,2014-09-19,Big World Pictures,Drama,Not Rated,2363,289,tt2855026
Moebius,2014-08-01,RAM Releasing,Drama,R,2340,286,tt2942522
Design is One,2013-10-11,First Run Features,Documentary,Not Rated,2308,282,tt2610862
Once Upon A Time Veronica,2014-08-29,Big World Pictures,Drama,Not Rated,2216,271,tt1663661
Missionary,2014-10-29,Freestyle Releasing,Thriller/Suspense,R,2120,259,tt2095713
The Right Kind of Wrong,2014-03-14,Magnolia Pictures,Drama,R,2098,256,tt2286990
Algorithms,2014-10-17,First Run Features,Documentary,Not Rated,2021,247,tt2616594
Stories We Tell,2013-05-10,Roadside Attractions,Documentary,PG-13,2015,246,tt2366450
Two-Bit Waltz,2014-10-24,Monterey Media,Comedy,R,1986,243,tt2570224
The Wait,2014-01-31,Monterey Media,Drama,R,1948,238,tt1675759
Born to Fly: Elizabeth Streb vs. Gravity,2014-09-10,The Film Collaborative,Documentary,Not Rated,1822,223,tt2246526
These Final Hours,2015-03-06,Well Go USA,Thriller/Suspense,Not Rated,1780,217,tt2268458
Rhymes for Young Ghouls,2014-10-24,Monterey Media,Drama,R,1776,217,tt2385195
Mr. Pip,2014-11-07,Freestyle Releasing,Drama,PG-13,1714,209,tt1485749
"If You Don't, I Will",2014-12-17,Film Movement,Comedy,Not Rated,1707,208,tt3202374
More Than the Rainbow,2014-05-02,First Run Features,Documentary,Not Rated,1677,205,tt1921027
Truth,2014-01-10,"Left of Center Entertainment, LLc",Thriller/Suspense,Not Rated,1626,199,tt3859076
Summer in February,2014-01-17,TriBeca Films,Drama,Not Rated,1624,198,tt2184287
The Trials of Muhammad Ali,2013-08-23,Kino Lorber,Documentary,Not Rated,1440,176,tt2489734
Ragnarok,2014-08-15,Magnolia Pictures,Adventure,PG-13,1369,167,tt2363213
The Life of Reilly,2007-11-09,Reel Diva Consultants,Concert/Performance,Not Rated,1267,155,tt0498366
Here Comes the Devil,2013-12-13,Magnolia Pictures,Horror,R,1263,154,tt2107648
People of a Feather,2013-11-08,First Run Features,Documentary,Not Rated,1194,146,tt1929346
The Tower,2014-11-07,Music Box Films,Drama,Not Rated,1117,136,tt2554270
Anything for Alice,2014-12-17,Rialto Pictures,Comedy,Not Rated,1092,133,tt2442502
We Are the Giant,2014-12-12,Music Box Films,Documentary,Not Rated,1088,133,tt3455850
The Family,2013-09-13,Relativity,Black Comedy,R,1081,132,tt2404311
The Butterfly Room,2014-04-11,Archstone Entertainment,Thriller/Suspense,Not Rated,1081,132,tt1612782
Demi-Soeur,2014-02-07,Rialto Pictures,Comedy,Not Rated,943,115,tt2200144
Free the Nipple,2014-12-12,IFC Films,Comedy,Not Rated,935,114,tt2298394
A People Uncounted,2014-05-16,First Run Features,Documentary,Not Rated,930,113,tt1848767
Jackpot,2014-06-27,Doppelganger Releasing,Action,Not Rated,806,98,tt1809231
The Last Days on Mars,2013-12-06,Magnolia Pictures,Thriller/Suspense,R,708,86,tt1709143
[REC] 4: Apocalypse,2015-01-02,Magnolia Pictures,Horror,R,708,86,tt1649443
Cinemanovels,2014-07-03,Monterey Media,Drama,R,670,82,tt2338062
Fonzy,2015-06-20,Distrib Films,Comedy,Not Rated,644,78,tt3077818
Jamel Shabazz: Street Photographer,2013-08-02,Artists Public Domain/Cinema Conservancy,Documentary,Not Rated,614,75,tt3116072
Frances Ha,2013-05-17,IFC Films,Comedy,R,572,70,tt2347569
Relationship Status: It's Complicated,2014-10-17,Distrib Films,Romantic Comedy,Not Rated,563,68,tt3202408
Grand d_part,2014-05-23,Rialto Pictures,Drama,Not Rated,459,56,
Son of a Gun,2015-01-23,A24,Action,R,411,50,tt2452200
Barbecue,2014-12-26,Distrib Films,Comedy,Not Rated,388,47,tt3202120
Computer Chess,2013-07-17,Kino Lorber,Comedy,Not Rated,323,39,tt2007360
